,Sample_id,Sample_label
0,1,1
1,2,1
2,3,1
3,4,1
4,5,1
5,6,1
6,7,1
7,8,1
8,9,1
9,10,1
10,11,1
11,12,1
12,13,1
13,14,1
14,15,1
15,16,1
16,17,1
17,18,1
18,19,1
19,20,1
20,21,1
21,22,1
22,23,1
23,24,1
24,25,1
25,26,1
26,27,1
27,28,1
28,29,1
29,30,1
30,31,1
31,32,1
32,33,1
33,34,1
34,35,1
35,36,1
36,37,1
37,38,1
38,39,1
39,40,1
40,41,1
41,42,1
42,43,1
43,44,1
44,45,1
45,46,1
46,47,1
47,48,1
48,49,1
49,50,1
50,51,1
51,52,1
52,53,1
53,54,1
54,55,1
55,56,1
56,57,1
57,58,1
58,59,1
59,60,1
60,61,1
61,62,1
62,63,1
63,64,1
64,65,1
65,66,1
66,67,1
67,68,1
68,69,1
69,70,1
70,71,1
71,72,1
72,73,1
73,74,1
74,75,1
75,76,1
76,77,1
77,78,1
78,79,1
79,80,1
80,81,1
81,82,1
82,83,1
83,84,1
84,85,1
85,86,1
86,87,1
87,88,1
88,89,1
89,90,1
90,91,1
91,92,1
92,93,1
93,94,1
94,95,1
95,96,1
96,97,1
97,98,1
98,99,1
99,100,1
100,101,1
101,102,1
102,103,1
103,104,1
104,105,1
105,106,1
106,107,1
107,108,1
108,109,1
109,110,1
110,111,1
111,112,1
112,113,1
113,114,1
114,115,1
115,116,1
116,117,1
117,118,1
118,119,1
119,120,1
120,121,1
121,122,1
122,123,1
123,124,1
124,125,1
125,126,1
126,127,1
127,128,1
128,129,1
129,130,1
130,131,1
131,132,1
132,133,1
133,134,1
134,135,1
135,136,1
136,137,1
137,138,1
138,139,1
139,140,1
140,141,1
141,142,1
142,143,1
143,144,1
144,145,1
145,146,1
146,147,1
147,148,1
148,149,1
149,150,1
150,151,1
151,152,1
152,153,1
153,154,1
154,155,1
155,156,1
156,157,1
157,158,1
158,159,1
159,160,1
160,161,1
161,162,1
162,163,1
163,164,1
164,165,1
165,166,1
166,167,1
167,168,1
168,169,1
169,170,1
170,171,1
171,172,1
172,173,1
173,174,1
174,175,1
175,176,1
176,177,1
177,178,1
178,179,1
179,180,1
180,181,1
181,182,1
182,183,1
183,184,1
184,185,1
185,186,1
186,187,1
187,188,1
188,189,1
189,190,1
190,191,1
191,192,1
192,193,1
193,194,1
194,195,1
195,196,1
196,197,1
197,198,1
198,199,1
199,200,1
200,201,1
201,202,1
202,203,1
203,204,1
204,205,1
205,206,1
206,207,1
207,208,1
208,209,1
209,210,1
210,211,1
211,212,1
212,213,1
213,214,1
214,215,1
215,216,1
216,217,1
217,218,1
218,219,1
219,220,1
220,221,1
221,222,1
222,223,1
223,224,1
224,225,1
225,226,1
226,227,1
227,228,1
228,229,1
229,230,1
230,231,1
231,232,1
232,233,1
233,234,1
234,235,1
235,236,1
236,237,1
237,238,1
238,239,1
239,240,1
240,241,1
241,242,1
242,243,1
243,244,1
244,245,1
245,246,1
246,247,1
247,248,1
248,249,1
249,250,1
250,251,1
251,252,1
252,253,1
253,254,1
254,255,1
255,256,1
256,257,1
257,258,1
258,259,1
259,260,1
260,261,1
261,262,1
262,263,1
263,264,1
264,265,1
265,266,1
266,267,1
267,268,1
268,269,1
269,270,1
270,271,1
271,272,1
272,273,1
273,274,1
274,275,1
275,276,1
276,277,1
277,278,1
278,279,1
279,280,1
280,281,1
281,282,1
282,283,1
283,284,1
284,285,1
285,286,1
286,287,1
287,288,1
288,289,1
289,290,1
290,291,1
291,292,1
292,293,1
293,294,1
294,295,1
295,296,1
296,297,1
297,298,1
298,299,1
299,300,1
300,301,1
301,302,1
302,303,1
303,304,1
304,305,1
305,306,1
306,307,1
307,308,1
308,309,1
309,310,1
310,311,1
311,312,1
312,313,1
313,314,1
314,315,1
315,316,1
316,317,1
317,318,1
318,319,1
319,320,1
320,321,1
321,322,1
322,323,1
323,324,1
324,325,1
325,326,1
326,327,1
327,328,1
328,329,1
329,330,1
330,331,1
331,332,1
332,333,1
333,334,1
334,335,1
335,336,1
336,337,1
337,338,1
338,339,1
339,340,1
340,341,1
341,342,1
342,343,1
343,344,1
344,345,1
345,346,1
346,347,1
347,348,1
348,349,1
349,350,1
350,351,1
351,352,1
352,353,1
353,354,1
354,355,1
355,356,1
356,357,1
357,358,1
358,359,1
359,360,1
360,361,1
361,362,1
362,363,1
363,364,1
364,365,1
365,366,1
366,367,1
367,368,1
368,369,1
369,370,1
370,371,1
371,372,1
372,373,1
373,374,1
374,375,1
375,376,1
376,377,1
377,378,1
378,379,1
379,380,1
380,381,1
381,382,1
382,383,1
383,384,1
384,385,1
385,386,1
386,387,1
387,388,1
388,389,1
389,390,1
390,391,1
391,392,1
392,393,1
393,394,1
394,395,1
395,396,1
396,397,1
397,398,1
398,399,1
399,400,1
400,401,1
401,402,1
402,403,1
403,404,1
404,405,1
405,406,1
406,407,1
407,408,1
408,409,1
409,410,1
410,411,1
411,412,1
412,413,1
413,414,1
414,415,1
415,416,1
416,417,1
417,418,1
418,419,1
419,420,1
420,421,1
421,422,1
422,423,1
423,424,1
424,425,1
425,426,1
426,427,1
427,428,1
428,429,1
429,430,1
430,431,1
431,432,1
432,433,1
433,434,1
434,435,1
435,436,1
436,437,1
437,438,1
438,439,1
439,440,1
440,441,1
441,442,1
442,443,1
443,444,1
444,445,1
445,446,1
446,447,1
447,448,1
448,449,1
449,450,1
450,451,1
451,452,1
452,453,1
453,454,1
454,455,1
455,456,1
456,457,1
457,458,1
458,459,1
459,460,1
460,461,1
461,462,1
462,463,1
463,464,1
464,465,1
465,466,1
466,467,1
467,468,1
468,469,1
469,470,1
470,471,1
471,472,1
472,473,1
473,474,1
474,475,1
475,476,1
476,477,1
477,478,1
478,479,1
479,480,1
480,481,1
481,482,1
482,483,1
483,484,1
484,485,1
485,486,1
486,487,1
487,488,1
488,489,1
489,490,1
490,491,1
491,492,1
492,493,1
493,494,1
494,495,1
495,496,1
496,497,1
497,498,1
498,499,1
499,500,1
500,501,1
501,502,1
502,503,1
503,504,1
504,505,1
505,506,1
506,507,1
507,508,1
508,509,1
509,510,1
510,511,1
511,512,1
512,513,1
513,514,1
514,515,1
515,516,1
516,517,1
517,518,1
518,519,1
519,520,1
520,521,1
521,522,1
522,523,1
523,524,1
524,525,1
525,526,1
526,527,1
527,528,1
528,529,1
529,530,1
530,531,1
531,532,1
532,533,1
533,534,1
534,535,1
535,536,1
536,537,1
537,538,1
538,539,1
539,540,1
540,541,1
541,542,1
542,543,1
543,544,1
544,545,1
545,546,1
546,547,1
547,548,1
548,549,1
549,550,1
550,551,1
551,552,1
552,553,1
553,554,1
554,555,1
555,556,1
556,557,1
557,558,1
558,559,1
559,560,1
560,561,1
561,562,1
562,563,1
563,564,1
564,565,1
565,566,1
566,567,1
567,568,1
568,569,1
569,570,1
570,571,1
571,572,1
572,573,1
573,574,1
574,575,1
575,576,1
576,577,1
577,578,1
578,579,1
579,580,1
580,581,1
581,582,1
582,583,1
583,584,1
584,585,1
585,586,1
586,587,1
587,588,1
588,589,1
589,590,1
590,591,1
591,592,1
592,593,1
593,594,1
594,595,1
595,596,1
596,597,1
597,598,1
598,599,1
599,600,1
600,601,1
601,602,1
602,603,1
603,604,1
604,605,1
605,606,1
606,607,1
607,608,1
608,609,1
609,610,1
610,611,1
611,612,1
612,613,1
613,614,1
614,615,1
615,616,1
616,617,1
617,618,1
618,619,1
619,620,1
620,621,1
621,622,1
622,623,1
623,624,1
624,625,1
625,626,1
626,627,1
627,628,1
628,629,1
629,630,1
630,631,1
631,632,1
632,633,1
633,634,1
634,635,1
635,636,1
636,637,1
637,638,1
638,639,1
639,640,1
640,641,1
641,642,1
642,643,1
643,644,1
644,645,1
645,646,1
646,647,1
647,648,1
648,649,1
649,650,1
650,651,1
651,652,1
652,653,1
653,654,1
654,655,1
655,656,1
656,657,1
657,658,1
658,659,1
659,660,1
660,661,1
661,662,1
662,663,1
663,664,1
664,665,1
665,666,1
666,667,1
667,668,1
668,669,1
669,670,1
670,671,1
671,672,1
672,673,1
673,674,1
674,675,1
675,676,1
676,677,1
677,678,1
678,679,1
679,680,1
680,681,1
681,682,1
682,683,1
683,684,1
684,685,1
685,686,1
686,687,1
687,688,1
688,689,1
689,690,1
690,691,1
691,692,1
692,693,1
693,694,1
694,695,1
695,696,1
696,697,1
697,698,1
698,699,1
699,700,1
700,701,1
701,702,1
702,703,1
703,704,1
704,705,1
705,706,1
706,707,1
707,708,1
708,709,1
709,710,1
710,711,1
711,712,1
712,713,1
713,714,1
714,715,1
715,716,1
716,717,1
717,718,1
718,719,1
719,720,1
720,721,1
721,722,1
722,723,1
723,724,1
724,725,1
725,726,1
726,727,1
727,728,1
728,729,1
729,730,1
730,731,1
731,732,1
732,733,1
733,734,1
734,735,1
735,736,1
736,737,1
737,738,1
738,739,1
739,740,1
740,741,1
741,742,1
742,743,1
743,744,1
744,745,1
745,746,1
746,747,1
747,748,1
748,749,1
749,750,1
750,751,1
751,752,1
752,753,1
753,754,1
754,755,1
755,756,1
756,757,1
757,758,1
758,759,1
759,760,1
760,761,1
761,762,1
762,763,1
763,764,1
764,765,1
765,766,1
766,767,1
767,768,1
768,769,1
769,770,1
770,771,1
771,772,1
772,773,1
773,774,1
774,775,1
775,776,1
776,777,1
777,778,1
778,779,1
779,780,1
780,781,1
781,782,1
782,783,1
783,784,1
784,785,1
785,786,1
786,787,1
787,788,1
788,789,1
789,790,1
790,791,1
791,792,1
792,793,1
793,794,1
794,795,1
795,796,1
796,797,1
797,798,1
798,799,1
799,800,1
800,801,1
801,802,1
802,803,1
803,804,1
804,805,1
805,806,1
806,807,1
807,808,1
808,809,1
809,810,1
810,811,1
811,812,1
812,813,1
813,814,1
814,815,1
815,816,1
816,817,1
817,818,1
818,819,1
819,820,1
820,821,1
821,822,1
822,823,1
823,824,1
824,825,1
825,826,1
826,827,1
827,828,1
828,829,1
829,830,1
830,831,1
831,832,1
832,833,1
833,834,1
834,835,1
835,836,1
836,837,1
837,838,1
838,839,1
839,840,1
840,841,1
841,842,1
842,843,1
843,844,1
844,845,1
845,846,1
846,847,1
847,848,1
848,849,1
849,850,1
850,851,1
851,852,1
852,853,1
853,854,1
854,855,1
855,856,1
856,857,1
857,858,1
858,859,1
859,860,1
860,861,1
861,862,1
862,863,1
863,864,1
864,865,1
865,866,1
866,867,1
867,868,1
868,869,1
869,870,1
870,871,1
871,872,1
872,873,1
873,874,1
874,875,1
875,876,1
876,877,1
877,878,1
878,879,1
879,880,1
880,881,1
881,882,1
882,883,1
883,884,1
884,885,1
885,886,1
886,887,1
887,888,1
888,889,1
889,890,1
890,891,1
891,892,1
892,893,1
893,894,1
894,895,1
895,896,1
896,897,1
897,898,1
898,899,1
899,900,1
900,901,1
901,902,1
902,903,1
903,904,1
904,905,1
905,906,1
906,907,1
907,908,1
908,909,1
909,910,1
910,911,1
911,912,1
912,913,1
913,914,1
914,915,1
915,916,1
916,917,1
917,918,1
918,919,1
919,920,1
920,921,1
921,922,1
922,923,1
923,924,1
924,925,1
925,926,1
926,927,1
927,928,1
928,929,1
929,930,1
930,931,1
931,932,1
932,933,1
933,934,1
934,935,1
935,936,1
936,937,1
937,938,1
938,939,1
939,940,1
940,941,1
941,942,1
942,943,1
943,944,1
944,945,1
945,946,1
946,947,1
947,948,1
948,949,1
949,950,1
950,951,1
951,952,1
952,953,1
953,954,1
954,955,1
955,956,1
956,957,1
957,958,1
958,959,1
959,960,1
960,961,1
961,962,1
962,963,1
963,964,1
964,965,1
965,966,1
966,967,1
967,968,1
968,969,1
969,970,1
970,971,1
971,972,1
972,973,1
973,974,1
974,975,1
975,976,1
976,977,1
977,978,1
978,979,1
979,980,1
980,981,1
981,982,1
982,983,1
983,984,1
984,985,1
985,986,1
986,987,1
987,988,1
988,989,1
989,990,1
990,991,1
991,992,1
992,993,1
993,994,1
994,995,1
995,996,1
996,997,1
997,998,1
998,999,1
999,1000,1
1000,1001,1
1001,1002,1
1002,1003,1
1003,1004,1
1004,1005,1
1005,1006,1
1006,1007,1
1007,1008,1
1008,1009,1
1009,1010,1
1010,1011,1
1011,1012,1
1012,1013,1
1013,1014,1
1014,1015,1
1015,1016,1
1016,1017,1
1017,1018,1
1018,1019,1
1019,1020,1
1020,1021,1
1021,1022,1
1022,1023,1
1023,1024,1
1024,1025,1
1025,1026,1
1026,1027,1
1027,1028,1
1028,1029,1
1029,1030,1
1030,1031,1
1031,1032,1
1032,1033,1
1033,1034,1
1034,1035,1
1035,1036,1
1036,1037,1
1037,1038,1
1038,1039,1
1039,1040,1
1040,1041,1
1041,1042,1
1042,1043,1
1043,1044,1
1044,1045,1
1045,1046,1
1046,1047,1
1047,1048,1
1048,1049,1
1049,1050,1
1050,1051,1
1051,1052,1
1052,1053,1
1053,1054,1
1054,1055,1
1055,1056,1
1056,1057,1
1057,1058,1
1058,1059,1
1059,1060,1
1060,1061,1
1061,1062,1
1062,1063,1
1063,1064,1
1064,1065,1
1065,1066,1
1066,1067,1
1067,1068,1
1068,1069,1
1069,1070,1
1070,1071,1
1071,1072,1
1072,1073,1
1073,1074,1
1074,1075,1
1075,1076,1
1076,1077,1
1077,1078,1
1078,1079,1
1079,1080,1
1080,1081,1
1081,1082,1
1082,1083,1
1083,1084,1
1084,1085,1
1085,1086,1
1086,1087,1
1087,1088,1
1088,1089,1
1089,1090,1
1090,1091,1
1091,1092,1
1092,1093,1
1093,1094,1
1094,1095,1
1095,1096,1
1096,1097,1
1097,1098,1
1098,1099,1
1099,1100,1
1100,1101,1
1101,1102,1
1102,1103,1
1103,1104,1
1104,1105,1
1105,1106,1
1106,1107,1
1107,1108,1
1108,1109,1
1109,1110,1
1110,1111,1
1111,1112,1
1112,1113,1
1113,1114,1
1114,1115,1
1115,1116,1
1116,1117,1
1117,1118,1
1118,1119,1
1119,1120,1
1120,1121,1
1121,1122,1
1122,1123,1
1123,1124,1
1124,1125,1
1125,1126,1
1126,1127,1
1127,1128,1
1128,1129,1
1129,1130,1
1130,1131,1
1131,1132,1
1132,1133,1
1133,1134,1
1134,1135,1
1135,1136,1
1136,1137,1
1137,1138,1
1138,1139,1
1139,1140,1
1140,1141,1
1141,1142,1
1142,1143,1
1143,1144,1
1144,1145,1
1145,1146,1
1146,1147,1
1147,1148,1
1148,1149,1
1149,1150,1
1150,1151,1
1151,1152,1
1152,1153,1
1153,1154,1
1154,1155,1
1155,1156,1
1156,1157,1
1157,1158,1
1158,1159,1
1159,1160,1
1160,1161,1
1161,1162,1
1162,1163,1
1163,1164,1
1164,1165,1
1165,1166,1
1166,1167,1
1167,1168,1
1168,1169,1
1169,1170,1
1170,1171,1
1171,1172,1
1172,1173,1
1173,1174,1
1174,1175,1
1175,1176,1
1176,1177,1
1177,1178,1
1178,1179,1
1179,1180,1
1180,1181,1
1181,1182,1
1182,1183,1
1183,1184,1
1184,1185,1
1185,1186,1
1186,1187,1
1187,1188,1
1188,1189,1
1189,1190,1
1190,1191,1
1191,1192,1
1192,1193,1
1193,1194,1
1194,1195,1
1195,1196,1
1196,1197,1
1197,1198,1
1198,1199,1
1199,1200,1
1200,1201,1
1201,1202,1
1202,1203,1
1203,1204,1
1204,1205,1
1205,1206,1
1206,1207,1
1207,1208,1
1208,1209,1
1209,1210,1
1210,1211,1
1211,1212,1
1212,1213,1
1213,1214,1
1214,1215,1
1215,1216,1
1216,1217,1
1217,1218,1
1218,1219,1
1219,1220,1
1220,1221,1
1221,1222,1
1222,1223,1
1223,1224,1
1224,1225,1
1225,1226,1
1226,1227,1
1227,1228,1
1228,1229,1
1229,1230,1
1230,1231,1
1231,1232,1
1232,1233,1
1233,1234,1
1234,1235,1
1235,1236,1
1236,1237,1
1237,1238,1
1238,1239,1
1239,1240,1
1240,1241,1
1241,1242,1
1242,1243,1
1243,1244,1
1244,1245,1
1245,1246,1
1246,1247,1
1247,1248,1
1248,1249,1
1249,1250,1
1250,1251,1
1251,1252,1
1252,1253,1
1253,1254,1
1254,1255,1
1255,1256,1
1256,1257,1
1257,1258,1
1258,1259,1
1259,1260,1
1260,1261,1
1261,1262,1
1262,1263,1
1263,1264,1
1264,1265,1
1265,1266,1
1266,1267,1
1267,1268,1
1268,1269,1
1269,1270,1
1270,1271,1
1271,1272,1
1272,1273,1
1273,1274,1
1274,1275,1
1275,1276,1
1276,1277,1
1277,1278,1
1278,1279,1
1279,1280,1
1280,1281,1
1281,1282,1
1282,1283,1
1283,1284,1
1284,1285,1
1285,1286,1
1286,1287,1
1287,1288,1
1288,1289,1
1289,1290,1
1290,1291,1
1291,1292,1
1292,1293,1
1293,1294,1
1294,1295,1
1295,1296,1
1296,1297,1
1297,1298,1
1298,1299,1
1299,1300,1
1300,1301,1
1301,1302,1
1302,1303,1
1303,1304,1
1304,1305,1
1305,1306,1
1306,1307,1
1307,1308,1
1308,1309,1
1309,1310,1
1310,1311,1
1311,1312,1
1312,1313,1
1313,1314,1
1314,1315,1
1315,1316,1
1316,1317,1
1317,1318,1
1318,1319,1
1319,1320,1
1320,1321,1
1321,1322,1
1322,1323,1
1323,1324,1
1324,1325,1
1325,1326,1
1326,1327,1
1327,1328,1
1328,1329,1
1329,1330,1
1330,1331,1
1331,1332,1
1332,1333,1
1333,1334,1
1334,1335,1
1335,1336,1
1336,1337,1
1337,1338,1
1338,1339,1
1339,1340,1
1340,1341,1
1341,1342,1
1342,1343,1
1343,1344,1
1344,1345,1
1345,1346,1
1346,1347,1
1347,1348,1
1348,1349,1
1349,1350,1
1350,1351,1
1351,1352,1
1352,1353,1
1353,1354,1
1354,1355,1
1355,1356,1
1356,1357,1
1357,1358,1
1358,1359,1
1359,1360,1
1360,1361,1
1361,1362,1
1362,1363,1
1363,1364,1
1364,1365,1
1365,1366,1
1366,1367,1
1367,1368,1
1368,1369,1
1369,1370,1
1370,1371,1
1371,1372,1
1372,1373,1
1373,1374,1
1374,1375,1
1375,1376,1
1376,1377,1
1377,1378,1
1378,1379,1
1379,1380,1
1380,1381,1
1381,1382,1
1382,1383,1
1383,1384,1
1384,1385,1
1385,1386,1
1386,1387,1
1387,1388,1
1388,1389,1
1389,1390,1
1390,1391,1
1391,1392,1
1392,1393,1
1393,1394,1
1394,1395,1
1395,1396,1
1396,1397,1
1397,1398,1
1398,1399,1
1399,1400,1
1400,1401,1
1401,1402,1
1402,1403,1
1403,1404,1
1404,1405,1
1405,1406,1
1406,1407,1
1407,1408,1
1408,1409,1
1409,1410,1
1410,1411,1
1411,1412,1
1412,1413,1
1413,1414,1
1414,1415,1
1415,1416,1
1416,1417,1
1417,1418,1
1418,1419,1
1419,1420,1
1420,1421,1
1421,1422,1
1422,1423,1
1423,1424,1
1424,1425,1
1425,1426,1
1426,1427,1
1427,1428,1
1428,1429,1
1429,1430,1
1430,1431,1
1431,1432,1
1432,1433,1
1433,1434,1
1434,1435,1
1435,1436,1
1436,1437,1
1437,1438,1
1438,1439,1
1439,1440,1
1440,1441,1
1441,1442,1
1442,1443,1
1443,1444,1
1444,1445,1
1445,1446,1
1446,1447,1
1447,1448,1
1448,1449,1
1449,1450,1
1450,1451,1
1451,1452,1
1452,1453,1
1453,1454,1
1454,1455,1
1455,1456,1
1456,1457,1
1457,1458,1
1458,1459,1
1459,1460,1
1460,1461,1
1461,1462,1
1462,1463,1
1463,1464,1
1464,1465,1
1465,1466,1
1466,1467,1
1467,1468,1
1468,1469,1
1469,1470,1
1470,1471,1
1471,1472,1
1472,1473,1
1473,1474,1
1474,1475,1
1475,1476,1
1476,1477,1
1477,1478,1
1478,1479,1
1479,1480,1
1480,1481,1
1481,1482,1
1482,1483,1
1483,1484,1
1484,1485,1
1485,1486,1
1486,1487,1
1487,1488,1
1488,1489,1
1489,1490,1
1490,1491,1
1491,1492,1
1492,1493,1
1493,1494,1
1494,1495,1
1495,1496,1
1496,1497,1
1497,1498,1
1498,1499,1
1499,1500,1
1500,1501,1
1501,1502,1
1502,1503,1
1503,1504,1
1504,1505,1
1505,1506,1
1506,1507,1
1507,1508,1
1508,1509,1
1509,1510,1
1510,1511,1
1511,1512,1
1512,1513,1
1513,1514,1
1514,1515,1
1515,1516,1
1516,1517,1
1517,1518,1
1518,1519,1
1519,1520,1
1520,1521,1
1521,1522,1
1522,1523,1
1523,1524,1
1524,1525,1
1525,1526,1
1526,1527,1
1527,1528,1
1528,1529,1
1529,1530,1
1530,1531,1
1531,1532,1
1532,1533,1
1533,1534,1
1534,1535,1
1535,1536,1
1536,1537,1
1537,1538,1
1538,1539,1
1539,1540,1
1540,1541,1
1541,1542,1
1542,1543,1
1543,1544,1
1544,1545,1
1545,1546,1
1546,1547,1
1547,1548,1
1548,1549,1
1549,1550,1
1550,1551,1
1551,1552,1
1552,1553,1
1553,1554,1
1554,1555,1
1555,1556,1
1556,1557,1
1557,1558,1
1558,1559,1
1559,1560,1
1560,1561,1
1561,1562,1
1562,1563,1
1563,1564,1
1564,1565,1
1565,1566,1
1566,1567,1
1567,1568,1
1568,1569,1
1569,1570,1
1570,1571,1
1571,1572,1
1572,1573,1
1573,1574,1
1574,1575,1
1575,1576,1
1576,1577,1
1577,1578,1
1578,1579,1
1579,1580,1
1580,1581,1
1581,1582,1
1582,1583,1
1583,1584,1
1584,1585,1
1585,1586,1
1586,1587,1
1587,1588,1
1588,1589,1
1589,1590,1
1590,1591,1
1591,1592,1
1592,1593,1
1593,1594,1
1594,1595,1
1595,1596,1
1596,1597,1
1597,1598,1
1598,1599,1
1599,1600,1
1600,1601,1
1601,1602,1
1602,1603,1
1603,1604,1
1604,1605,1
1605,1606,1
1606,1607,1
1607,1608,1
1608,1609,1
1609,1610,1
1610,1611,1
1611,1612,1
1612,1613,1
1613,1614,1
1614,1615,1
1615,1616,1
1616,1617,1
1617,1618,1
1618,1619,1
1619,1620,1
1620,1621,1
1621,1622,1
1622,1623,1
1623,1624,1
1624,1625,1
1625,1626,1
1626,1627,1
1627,1628,1
1628,1629,1
1629,1630,1
1630,1631,1
1631,1632,1
1632,1633,1
1633,1634,1
1634,1635,1
1635,1636,1
1636,1637,1
1637,1638,1
1638,1639,1
1639,1640,1
1640,1641,1
1641,1642,1
1642,1643,1
1643,1644,1
1644,1645,1
1645,1646,1
1646,1647,1
1647,1648,1
1648,1649,1
1649,1650,1
1650,1651,1
1651,1652,1
1652,1653,1
1653,1654,1
1654,1655,1
1655,1656,1
1656,1657,1
1657,1658,1
1658,1659,1
1659,1660,1
1660,1661,1
1661,1662,1
1662,1663,1
1663,1664,1
1664,1665,1
1665,1666,1
1666,1667,1
1667,1668,1
1668,1669,1
1669,1670,1
1670,1671,1
1671,1672,1
1672,1673,1
1673,1674,1
1674,1675,1
1675,1676,1
1676,1677,1
1677,1678,1
1678,1679,1
1679,1680,1
1680,1681,1
1681,1682,1
1682,1683,1
1683,1684,1
1684,1685,1
1685,1686,1
1686,1687,1
1687,1688,1
1688,1689,1
1689,1690,1
1690,1691,1
1691,1692,1
1692,1693,1
1693,1694,1
1694,1695,1
1695,1696,1
1696,1697,1
1697,1698,1
1698,1699,1
1699,1700,1
1700,1701,1
1701,1702,1
1702,1703,1
1703,1704,1
1704,1705,1
1705,1706,1
1706,1707,1
1707,1708,1
1708,1709,1
1709,1710,1
1710,1711,1
1711,1712,1
1712,1713,1
1713,1714,1
1714,1715,1
1715,1716,1
1716,1717,1
1717,1718,1
1718,1719,1
1719,1720,1
1720,1721,1
1721,1722,1
1722,1723,1
1723,1724,1
1724,1725,1
1725,1726,1
1726,1727,1
1727,1728,1
1728,1729,1
1729,1730,1
1730,1731,1
1731,1732,1
1732,1733,1
1733,1734,1
1734,1735,1
1735,1736,1
1736,1737,1
1737,1738,1
1738,1739,1
1739,1740,1
1740,1741,1
1741,1742,1
1742,1743,1
1743,1744,1
1744,1745,1
1745,1746,1
1746,1747,1
1747,1748,1
1748,1749,1
1749,1750,1
1750,1751,1
1751,1752,1
1752,1753,1
1753,1754,1
1754,1755,1
1755,1756,1
1756,1757,1
1757,1758,1
1758,1759,1
1759,1760,1
1760,1761,1
1761,1762,1
1762,1763,1
1763,1764,1
1764,1765,1
1765,1766,1
1766,1767,1
1767,1768,1
1768,1769,1
1769,1770,1
1770,1771,1
1771,1772,1
1772,1773,1
1773,1774,1
1774,1775,1
1775,1776,1
1776,1777,1
1777,1778,1
1778,1779,1
1779,1780,1
1780,1781,1
1781,1782,1
1782,1783,1
1783,1784,1
1784,1785,1
1785,1786,1
1786,1787,1
1787,1788,1
1788,1789,1
1789,1790,1
1790,1791,1
1791,1792,1
1792,1793,1
1793,1794,1
1794,1795,1
1795,1796,1
1796,1797,1
1797,1798,1
1798,1799,1
1799,1800,1
1800,1801,1
1801,1802,1
1802,1803,1
1803,1804,1
1804,1805,1
1805,1806,1
1806,1807,1
1807,1808,1
1808,1809,1
1809,1810,1
1810,1811,1
1811,1812,1
1812,1813,1
1813,1814,1
1814,1815,1
1815,1816,1
1816,1817,1
1817,1818,1
1818,1819,1
1819,1820,1
1820,1821,1
1821,1822,1
1822,1823,1
1823,1824,1
1824,1825,1
1825,1826,1
1826,1827,1
1827,1828,1
1828,1829,1
1829,1830,1
1830,1831,1
1831,1832,1
1832,1833,1
1833,1834,1
1834,1835,1
1835,1836,1
1836,1837,1
1837,1838,1
1838,1839,1
1839,1840,1
1840,1841,1
1841,1842,1
1842,1843,1
1843,1844,1
1844,1845,1
1845,1846,1
1846,1847,1
1847,1848,1
1848,1849,1
1849,1850,1
1850,1851,1
1851,1852,1
1852,1853,1
1853,1854,1
1854,1855,1
1855,1856,1
1856,1857,1
1857,1858,1
1858,1859,1
1859,1860,1
1860,1861,1
1861,1862,1
1862,1863,1
1863,1864,1
1864,1865,1
1865,1866,1
1866,1867,1
1867,1868,1
1868,1869,1
1869,1870,1
1870,1871,1
1871,1872,1
1872,1873,1
1873,1874,1
1874,1875,1
1875,1876,1
1876,1877,1
1877,1878,1
1878,1879,1
1879,1880,1
1880,1881,1
1881,1882,1
1882,1883,1
1883,1884,1
1884,1885,1
1885,1886,1
1886,1887,1
1887,1888,1
1888,1889,1
1889,1890,1
1890,1891,1
1891,1892,1
1892,1893,1
1893,1894,1
1894,1895,1
1895,1896,1
1896,1897,1
1897,1898,1
1898,1899,1
1899,1900,1
1900,1901,1
1901,1902,1
1902,1903,1
1903,1904,1
1904,1905,1
1905,1906,1
1906,1907,1
1907,1908,1
1908,1909,1
1909,1910,1
1910,1911,1
1911,1912,1
1912,1913,1
1913,1914,1
1914,1915,1
1915,1916,1
1916,1917,1
1917,1918,1
1918,1919,1
1919,1920,1
1920,1921,1
1921,1922,1
1922,1923,1
1923,1924,1
1924,1925,1
1925,1926,1
1926,1927,1
1927,1928,1
1928,1929,1
1929,1930,1
1930,1931,1
1931,1932,1
1932,1933,1
1933,1934,1
1934,1935,1
1935,1936,1
1936,1937,1
1937,1938,1
1938,1939,1
1939,1940,1
1940,1941,1
1941,1942,1
1942,1943,1
1943,1944,1
1944,1945,1
1945,1946,1
1946,1947,1
1947,1948,1
1948,1949,1
1949,1950,1
1950,1951,1
1951,1952,1
1952,1953,1
1953,1954,1
1954,1955,1
1955,1956,1
1956,1957,1
1957,1958,1
1958,1959,1
1959,1960,1
1960,1961,1
1961,1962,1
1962,1963,1
1963,1964,1
1964,1965,1
1965,1966,1
1966,1967,1
1967,1968,1
1968,1969,1
1969,1970,1
1970,1971,1
1971,1972,1
1972,1973,1
1973,1974,1
1974,1975,1
1975,1976,1
1976,1977,1
1977,1978,1
1978,1979,1
1979,1980,1
1980,1981,1
1981,1982,1
1982,1983,1
1983,1984,1
1984,1985,1
1985,1986,1
1986,1987,1
1987,1988,1
1988,1989,1
1989,1990,1
1990,1991,1
1991,1992,1
1992,1993,1
1993,1994,1
1994,1995,1
1995,1996,1
1996,1997,1
1997,1998,1
1998,1999,1
1999,2000,1
2000,2001,1
2001,2002,1
2002,2003,1
2003,2004,1
2004,2005,1
2005,2006,1
2006,2007,1
2007,2008,1
2008,2009,1
2009,2010,1
2010,2011,1
2011,2012,1
2012,2013,1
2013,2014,1
2014,2015,1
2015,2016,1
2016,2017,1
2017,2018,1
2018,2019,1
2019,2020,1
2020,2021,1
2021,2022,1
2022,2023,1
2023,2024,1
2024,2025,1
2025,2026,1
2026,2027,1
2027,2028,1
2028,2029,1
2029,2030,1
2030,2031,1
2031,2032,1
2032,2033,1
2033,2034,1
2034,2035,1
2035,2036,1
2036,2037,1
2037,2038,1
2038,2039,1
2039,2040,1
2040,2041,1
2041,2042,1
2042,2043,1
2043,2044,1
2044,2045,1
2045,2046,1
2046,2047,1
2047,2048,1
2048,2049,1
2049,2050,1
2050,2051,1
2051,2052,1
2052,2053,1
2053,2054,1
2054,2055,1
2055,2056,1
2056,2057,1
2057,2058,1
2058,2059,1
2059,2060,1
2060,2061,1
2061,2062,1
2062,2063,1
2063,2064,1
2064,2065,1
2065,2066,1
2066,2067,1
2067,2068,1
2068,2069,1
2069,2070,1
2070,2071,1
2071,2072,1
2072,2073,1
2073,2074,1
2074,2075,1
2075,2076,1
2076,2077,1
2077,2078,1
2078,2079,1
2079,2080,1
2080,2081,1
2081,2082,1
2082,2083,1
2083,2084,1
2084,2085,1
2085,2086,1
2086,2087,1
2087,2088,1
2088,2089,1
2089,2090,1
2090,2091,1
2091,2092,1
2092,2093,1
2093,2094,1
2094,2095,1
2095,2096,1
2096,2097,1
2097,2098,1
2098,2099,1
2099,2100,1
2100,2101,1
2101,2102,1
2102,2103,1
2103,2104,1
2104,2105,1
2105,2106,1
2106,2107,1
2107,2108,1
2108,2109,1
2109,2110,1
2110,2111,1
2111,2112,1
2112,2113,1
2113,2114,1
2114,2115,1
2115,2116,1
2116,2117,1
2117,2118,1
2118,2119,1
2119,2120,1
2120,2121,1
2121,2122,1
2122,2123,1
2123,2124,1
2124,2125,1
2125,2126,1
2126,2127,1
2127,2128,1
2128,2129,1
2129,2130,1
2130,2131,1
2131,2132,1
2132,2133,1
2133,2134,1
2134,2135,1
2135,2136,1
2136,2137,1
2137,2138,1
2138,2139,1
2139,2140,1
2140,2141,1
2141,2142,1
2142,2143,1
2143,2144,1
2144,2145,1
2145,2146,1
2146,2147,1
2147,2148,1
2148,2149,1
2149,2150,1
2150,2151,1
2151,2152,1
2152,2153,1
2153,2154,1
2154,2155,1
2155,2156,1
2156,2157,1
2157,2158,1
2158,2159,1
2159,2160,1
2160,2161,1
2161,2162,1
2162,2163,1
2163,2164,1
2164,2165,1
2165,2166,1
2166,2167,1
2167,2168,1
2168,2169,1
2169,2170,1
2170,2171,1
2171,2172,1
2172,2173,1
2173,2174,1
2174,2175,1
2175,2176,1
2176,2177,1
2177,2178,5
2178,2179,4
2179,2180,5
2180,2181,2
2181,2182,5
2182,2183,4
2183,2184,6
2184,2185,2
2185,2186,2
2186,2187,10
2187,2188,3
2188,2189,7
2189,2190,6
2190,2191,2
2191,2192,9
2192,2193,10
2193,2194,2
2194,2195,2
2195,2196,3
2196,2197,3
2197,2198,5
2198,2199,7
2199,2200,2
2200,2201,2
2201,2202,9
2202,2203,6
2203,2204,2
2204,2205,5
2205,2206,4
2206,2207,4
2207,2208,4
2208,2209,2
2209,2210,4
2210,2211,2
2211,2212,2
2212,2213,2
2213,2214,3
2214,2215,6
2215,2216,8
2216,2217,2
2217,2218,2
2218,2219,4
2219,2220,3
2220,2221,2
2221,2222,2
2222,2223,3
2223,2224,2
2224,2225,6
2225,2226,8
2226,2227,6
2227,2228,5
2228,2229,9
2229,2230,5
2230,2231,8
2231,2232,2
2232,2233,5
2233,2234,3
2234,2235,3
2235,2236,10
2236,2237,9
2237,2238,4
2238,2239,4
2239,2240,4
2240,2241,2
2241,2242,8
2242,2243,8
2243,2244,10
2244,2245,3
2245,2246,7
2246,2247,4
2247,2248,3
2248,2249,9
2249,2250,5
2250,2251,8
2251,2252,2
2252,2253,2
2253,2254,5
2254,2255,10
2255,2256,2
2256,2257,4
2257,2258,2
2258,2259,3
2259,2260,4
2260,2261,3
2261,2262,8
2262,2263,6
2263,2264,2
2264,2265,3
2265,2266,4
2266,2267,9
2267,2268,8
2268,2269,6
2269,2270,5
2270,2271,2
2271,2272,6
2272,2273,2
2273,2274,2
2274,2275,3
2275,2276,3
2276,2277,3
2277,2278,6
2278,2279,4
2279,2280,8
2280,2281,4
2281,2282,2
2282,2283,2
2283,2284,7
2284,2285,3
2285,2286,6
2286,2287,2
2287,2288,2
2288,2289,4
2289,2290,3
2290,2291,8
2291,2292,3
2292,2293,2
2293,2294,6
2294,2295,5
2295,2296,2
2296,2297,2
2297,2298,4
2298,2299,6
2299,2300,2
2300,2301,3
2301,2302,2
2302,2303,2
2303,2304,8
2304,2305,2
2305,2306,3
2306,2307,6
2307,2308,5
2308,2309,2
2309,2310,10
2310,2311,2
2311,2312,4
2312,2313,3
2313,2314,5
2314,2315,8
2315,2316,2
2316,2317,8
2317,2318,2
2318,2319,3
2319,2320,4
2320,2321,3
2321,2322,7
2322,2323,5
2323,2324,4
2324,2325,6
2325,2326,10
2326,2327,5
2327,2328,10
2328,2329,2
2329,2330,6
2330,2331,4
2331,2332,7
2332,2333,4
2333,2334,3
2334,2335,2
2335,2336,2
2336,2337,3
2337,2338,2
2338,2339,5
2339,2340,3
2340,2341,2
2341,2342,10
2342,2343,3
2343,2344,6
2344,2345,3
2345,2346,7
2346,2347,9
2347,2348,6
2348,2349,2
2349,2350,2
2350,2351,9
2351,2352,8
2352,2353,2
2353,2354,4
2354,2355,10
2355,2356,5
2356,2357,3
2357,2358,6
2358,2359,2
2359,2360,8
2360,2361,5
2361,2362,6
2362,2363,2
2363,2364,2
2364,2365,4
2365,2366,2
2366,2367,2
2367,2368,3
2368,2369,3
2369,2370,2
2370,2371,2
2371,2372,9
2372,2373,4
2373,2374,2
2374,2375,6
2375,2376,2
2376,2377,8
2377,2378,8
2378,2379,4
2379,2380,2
2380,2381,3
2381,2382,2
2382,2383,3
2383,2384,8
2384,2385,2
2385,2386,4
2386,2387,3
2387,2388,3
2388,2389,2
2389,2390,2
2390,2391,3
2391,2392,2
2392,2393,7
2393,2394,4
2394,2395,3
2395,2396,2
2396,2397,3
2397,2398,3
2398,2399,5
2399,2400,8
2400,2401,3
2401,2402,4
2402,2403,4
2403,2404,2
2404,2405,8
2405,2406,10
2406,2407,2
2407,2408,4
2408,2409,2
2409,2410,4
2410,2411,2
2411,2412,7
2412,2413,5
2413,2414,6
2414,2415,2
2415,2416,8
2416,2417,2
2417,2418,3
2418,2419,8
2419,2420,6
2420,2421,2
2421,2422,2
2422,2423,8
2423,2424,2
2424,2425,7
2425,2426,2
2426,2427,6
2427,2428,4
2428,2429,2
2429,2430,3
2430,2431,7
2431,2432,5
2432,2433,2
2433,2434,2
2434,2435,2
2435,2436,5
2436,2437,2
2437,2438,3
2438,2439,3
2439,2440,7
2440,2441,6
2441,2442,6
2442,2443,8
2443,2444,2
2444,2445,6
2445,2446,4
2446,2447,4
2447,2448,8
2448,2449,6
2449,2450,10
2450,2451,5
2451,2452,5
2452,2453,4
2453,2454,6
2454,2455,4
2455,2456,3
2456,2457,5
2457,2458,10
2458,2459,4
2459,2460,4
2460,2461,4
2461,2462,9
2462,2463,6
2463,2464,10
2464,2465,3
2465,2466,3
2466,2467,6
2467,2468,4
2468,2469,5
2469,2470,2
2470,2471,3
2471,2472,7
2472,2473,7
2473,2474,10
2474,2475,4
2475,2476,5
2476,2477,9
2477,2478,6
2478,2479,2
2479,2480,2
2480,2481,4
2481,2482,7
2482,2483,4
2483,2484,8
2484,2485,3
2485,2486,4
2486,2487,4
2487,2488,6
2488,2489,8
2489,2490,4
2490,2491,4
2491,2492,2
2492,2493,3
2493,2494,2
2494,2495,6
2495,2496,2
2496,2497,5
2497,2498,3
2498,2499,6
2499,2500,2
2500,2501,3
2501,2502,7
2502,2503,2
2503,2504,2
2504,2505,7
2505,2506,8
2506,2507,3
2507,2508,7
2508,2509,9
2509,2510,3
2510,2511,8
2511,2512,2
2512,2513,2
2513,2514,2
2514,2515,9
2515,2516,2
2516,2517,2
2517,2518,4
2518,2519,3
2519,2520,3
2520,2521,2
2521,2522,9
2522,2523,6
2523,2524,3
2524,2525,8
2525,2526,2
2526,2527,2
2527,2528,5
2528,2529,9
2529,2530,2
2530,2531,2
2531,2532,9
2532,2533,4
2533,2534,5
2534,2535,2
2535,2536,7
2536,2537,2
2537,2538,6
2538,2539,5
2539,2540,2
2540,2541,2
2541,2542,2
2542,2543,5
2543,2544,3
2544,2545,2
2545,2546,2
2546,2547,10
2547,2548,8
2548,2549,5
2549,2550,2
2550,2551,2
2551,2552,3
2552,2553,2
2553,2554,3
2554,2555,6
2555,2556,3
2556,2557,3
2557,2558,3
2558,2559,2
2559,2560,2
2560,2561,6
2561,2562,5
2562,2563,6
2563,2564,2
2564,2565,3
2565,2566,2
2566,2567,2
2567,2568,6
2568,2569,2
2569,2570,2
2570,2571,3
2571,2572,4
2572,2573,5
2573,2574,4
2574,2575,3
2575,2576,2
2576,2577,5
2577,2578,5
2578,2579,3
2579,2580,3
2580,2581,2
2581,2582,4
2582,2583,3
2583,2584,2
2584,2585,9
2585,2586,7
2586,2587,8
2587,2588,6
2588,2589,5
2589,2590,2
2590,2591,5
2591,2592,5
2592,2593,4
2593,2594,2
2594,2595,5
2595,2596,3
2596,2597,5
2597,2598,3
2598,2599,8
2599,2600,5
2600,2601,2
2601,2602,6
2602,2603,3
2603,2604,2
2604,2605,2
2605,2606,3
2606,2607,8
2607,2608,7
2608,2609,2
2609,2610,4
2610,2611,2
2611,2612,8
2612,2613,6
2613,2614,4
2614,2615,8
2615,2616,4
2616,2617,2
2617,2618,9
2618,2619,4
2619,2620,8
2620,2621,8
2621,2622,3
2622,2623,2
2623,2624,7
2624,2625,4
2625,2626,5
2626,2627,9
2627,2628,3
2628,2629,5
2629,2630,3
2630,2631,2
2631,2632,4
2632,2633,4
2633,2634,8
2634,2635,3
2635,2636,4
2636,2637,2
2637,2638,2
2638,2639,2
2639,2640,2
2640,2641,2
2641,2642,9
2642,2643,2
2643,2644,7
2644,2645,3
2645,2646,8
2646,2647,3
2647,2648,8
2648,2649,2
2649,2650,8
2650,2651,2
2651,2652,5
2652,2653,10
2653,2654,5
2654,2655,2
2655,2656,3
2656,2657,3
2657,2658,4
2658,2659,4
2659,2660,4
2660,2661,6
2661,2662,4
2662,2663,6
2663,2664,2
2664,2665,6
2665,2666,4
2666,2667,5
2667,2668,6
2668,2669,3
2669,2670,5
2670,2671,2
2671,2672,3
2672,2673,8
2673,2674,6
2674,2675,3
2675,2676,2
2676,2677,4
2677,2678,4
2678,2679,4
2679,2680,6
2680,2681,4
2681,2682,2
2682,2683,6
2683,2684,5
2684,2685,3
2685,2686,7
2686,2687,4
2687,2688,5
2688,2689,2
2689,2690,3
2690,2691,3
2691,2692,4
2692,2693,3
2693,2694,6
2694,2695,3
2695,2696,8
2696,2697,8
2697,2698,5
2698,2699,2
2699,2700,2
2700,2701,2
2701,2702,5
2702,2703,10
2703,2704,2
2704,2705,9
2705,2706,5
2706,2707,3
2707,2708,2
2708,2709,2
2709,2710,10
2710,2711,2
2711,2712,7
2712,2713,8
2713,2714,10
2714,2715,9
2715,2716,7
2716,2717,2
2717,2718,3
2718,2719,2
2719,2720,4
2720,2721,7
2721,2722,8
2722,2723,2
2723,2724,2
2724,2725,7
2725,2726,4
2726,2727,2
2727,2728,2
2728,2729,2
2729,2730,2
2730,2731,4
2731,2732,3
2732,2733,5
2733,2734,2
2734,2735,8
2735,2736,5
2736,2737,3
2737,2738,7
2738,2739,9
2739,2740,6
2740,2741,6
2741,2742,6
2742,2743,8
2743,2744,2
2744,2745,2
2745,2746,2
2746,2747,6
2747,2748,7
2748,2749,10
2749,2750,2
2750,2751,7
2751,2752,2
2752,2753,6
2753,2754,6
2754,2755,8
2755,2756,6
2756,2757,2
2757,2758,2
2758,2759,2
2759,2760,2
2760,2761,3
2761,2762,10
2762,2763,10
2763,2764,5
2764,2765,8
2765,2766,2
2766,2767,5
2767,2768,8
2768,2769,9
2769,2770,2
2770,2771,4
2771,2772,4
2772,2773,10
2773,2774,9
2774,2775,3
2775,2776,2
2776,2777,2
2777,2778,5
2778,2779,2
2779,2780,6
2780,2781,2
2781,2782,8
2782,2783,4
2783,2784,5
2784,2785,4
2785,2786,3
2786,2787,2
2787,2788,4
2788,2789,6
2789,2790,6
2790,2791,2
2791,2792,4
2792,2793,10
2793,2794,6
2794,2795,8
2795,2796,2
2796,2797,6
2797,2798,7
2798,2799,5
2799,2800,7
2800,2801,10
2801,2802,6
2802,2803,2
2803,2804,3
2804,2805,3
2805,2806,6
2806,2807,6
2807,2808,2
2808,2809,2
2809,2810,9
2810,2811,2
2811,2812,8
2812,2813,4
2813,2814,6
2814,2815,7
2815,2816,2
2816,2817,9
2817,2818,4
2818,2819,2
2819,2820,8
2820,2821,8
2821,2822,9
2822,2823,4
2823,2824,4
2824,2825,7
2825,2826,10
2826,2827,4
2827,2828,7
2828,2829,2
2829,2830,2
2830,2831,6
2831,2832,2
2832,2833,2
2833,2834,8
2834,2835,2
2835,2836,8
2836,2837,4
2837,2838,2
2838,2839,5
2839,2840,3
2840,2841,6
2841,2842,3
2842,2843,6
2843,2844,8
2844,2845,2
2845,2846,2
2846,2847,6
2847,2848,3
2848,2849,5
2849,2850,8
2850,2851,2
2851,2852,8
2852,2853,6
2853,2854,2
2854,2855,3
2855,2856,2
2856,2857,2
2857,2858,2
2858,2859,6
2859,2860,10
2860,2861,5
2861,2862,4
2862,2863,8
2863,2864,2
2864,2865,2
2865,2866,4
2866,2867,2
2867,2868,8
2868,2869,3
2869,2870,2
2870,2871,2
2871,2872,5
2872,2873,2
2873,2874,4
2874,2875,5
2875,2876,8
2876,2877,3
2877,2878,2
2878,2879,9
2879,2880,7
2880,2881,4
2881,2882,7
2882,2883,5
2883,2884,8
2884,2885,6
2885,2886,7
2886,2887,3
2887,2888,6
2888,2889,8
2889,2890,9
2890,2891,3
2891,2892,3
2892,2893,3
2893,2894,3
2894,2895,7
2895,2896,4
2896,2897,6
2897,2898,8
2898,2899,2
2899,2900,7
2900,2901,2
2901,2902,3
2902,2903,6
2903,2904,2
2904,2905,4
2905,2906,10
2906,2907,8
2907,2908,3
2908,2909,7
2909,2910,6
2910,2911,2
2911,2912,2
2912,2913,5
2913,2914,5
2914,2915,6
2915,2916,8
2916,2917,4
2917,2918,2
2918,2919,7
2919,2920,4
2920,2921,4
2921,2922,5
2922,2923,5
2923,2924,3
2924,2925,4
2925,2926,5
2926,2927,6
2927,2928,8
2928,2929,2
2929,2930,4
2930,2931,5
2931,2932,2
2932,2933,4
2933,2934,5
2934,2935,8
2935,2936,6
2936,2937,5
2937,2938,4
2938,2939,4
2939,2940,3
2940,2941,2
2941,2942,4
2942,2943,6
2943,2944,4
2944,2945,2
2945,2946,6
2946,2947,5
2947,2948,2
2948,2949,9
2949,2950,4
2950,2951,2
2951,2952,9
2952,2953,2
2953,2954,8
2954,2955,2
2955,2956,7
2956,2957,2
2957,2958,5
2958,2959,6
2959,2960,8
2960,2961,6
2961,2962,6
2962,2963,5
2963,2964,3
2964,2965,6
2965,2966,7
2966,2967,9
2967,2968,2
2968,2969,10
2969,2970,2
2970,2971,5
2971,2972,2
2972,2973,9
2973,2974,5
2974,2975,8
2975,2976,8
2976,2977,4
2977,2978,2
2978,2979,3
2979,2980,10
2980,2981,7
2981,2982,3
2982,2983,3
2983,2984,6
2984,2985,6
2985,2986,3
2986,2987,9
2987,2988,4
2988,2989,5
2989,2990,3
2990,2991,7
2991,2992,3
2992,2993,2
2993,2994,2
2994,2995,2
2995,2996,2
2996,2997,8
2997,2998,2
2998,2999,6
2999,3000,9
3000,3001,6
3001,3002,6
3002,3003,2
3003,3004,5
3004,3005,6
3005,3006,3
3006,3007,8
3007,3008,2
3008,3009,4
3009,3010,2
3010,3011,2
3011,3012,5
3012,3013,9
3013,3014,3
3014,3015,3
3015,3016,8
3016,3017,6
3017,3018,5
3018,3019,2
3019,3020,2
3020,3021,6
3021,3022,2
3022,3023,5
3023,3024,3
3024,3025,8
3025,3026,4
3026,3027,3
3027,3028,2
3028,3029,7
3029,3030,2
3030,3031,9
3031,3032,6
3032,3033,2
3033,3034,2
3034,3035,3
3035,3036,8
3036,3037,3
3037,3038,6
3038,3039,3
3039,3040,2
3040,3041,2
3041,3042,5
3042,3043,9
3043,3044,2
3044,3045,9
3045,3046,2
3046,3047,3
3047,3048,6
3048,3049,2
3049,3050,2
3050,3051,2
3051,3052,7
3052,3053,10
3053,3054,2
3054,3055,5
3055,3056,3
3056,3057,5
3057,3058,3
3058,3059,2
3059,3060,4
3060,3061,9
3061,3062,2
3062,3063,2
3063,3064,2
3064,3065,4
3065,3066,7
3066,3067,8
3067,3068,6
3068,3069,7
3069,3070,7
3070,3071,6
3071,3072,10
3072,3073,9
3073,3074,8
3074,3075,6
3075,3076,4
3076,3077,2
3077,3078,3
3078,3079,7
3079,3080,2
3080,3081,5
3081,3082,2
3082,3083,4
3083,3084,4
3084,3085,9
3085,3086,9
3086,3087,3
3087,3088,8
3088,3089,5
3089,3090,2
3090,3091,9
3091,3092,6
3092,3093,2
3093,3094,2
3094,3095,8
3095,3096,7
3096,3097,2
3097,3098,7
3098,3099,2
3099,3100,2
3100,3101,4
3101,3102,2
3102,3103,9
3103,3104,2
3104,3105,3
3105,3106,8
3106,3107,2
3107,3108,2
3108,3109,9
3109,3110,9
3110,3111,2
3111,3112,9
3112,3113,5
3113,3114,2
3114,3115,3
3115,3116,8
3116,3117,6
3117,3118,8
3118,3119,2
3119,3120,2
3120,3121,7
3121,3122,8
3122,3123,10
3123,3124,2
3124,3125,7
3125,3126,4
3126,3127,6
3127,3128,2
3128,3129,7
3129,3130,3
3130,3131,9
3131,3132,8
3132,3133,2
3133,3134,6
3134,3135,2
3135,3136,2
3136,3137,8
3137,3138,8
3138,3139,8
3139,3140,8
3140,3141,8
3141,3142,5
3142,3143,8
3143,3144,6
3144,3145,2
3145,3146,2
3146,3147,8
3147,3148,8
3148,3149,6
3149,3150,2
3150,3151,9
3151,3152,9
3152,3153,3
3153,3154,2
3154,3155,10
3155,3156,5
3156,3157,5
3157,3158,4
3158,3159,3
3159,3160,7
3160,3161,5
3161,3162,6
3162,3163,6
3163,3164,5
3164,3165,4
3165,3166,3
3166,3167,2
3167,3168,2
3168,3169,6
3169,3170,2
3170,3171,9
3171,3172,4
3172,3173,3
3173,3174,2
3174,3175,3
3175,3176,6
3176,3177,2
3177,3178,6
3178,3179,5
3179,3180,9
3180,3181,7
3181,3182,2
3182,3183,10
3183,3184,9
3184,3185,5
3185,3186,8
3186,3187,2
3187,3188,3
3188,3189,8
3189,3190,6
3190,3191,7
3191,3192,8
3192,3193,5
3193,3194,2
3194,3195,2
3195,3196,4
3196,3197,6
3197,3198,2
3198,3199,2
3199,3200,5
3200,3201,4
3201,3202,3
3202,3203,2
3203,3204,6
3204,3205,4
3205,3206,2
3206,3207,4
3207,3208,4
3208,3209,4
3209,3210,2
3210,3211,2
3211,3212,5
3212,3213,2
3213,3214,2
3214,3215,2
3215,3216,2
3216,3217,9
3217,3218,4
3218,3219,4
3219,3220,7
3220,3221,2
3221,3222,3
3222,3223,4
3223,3224,3
3224,3225,3
3225,3226,8
3226,3227,7
3227,3228,8
3228,3229,6
3229,3230,2
3230,3231,4
3231,3232,2
3232,3233,7
3233,3234,2
3234,3235,2
3235,3236,8
3236,3237,2
3237,3238,3
3238,3239,5
3239,3240,2
3240,3241,3
3241,3242,8
3242,3243,3
3243,3244,4
3244,3245,5
3245,3246,2
3246,3247,2
3247,3248,4
3248,3249,6
3249,3250,2
3250,3251,2
3251,3252,2
3252,3253,7
3253,3254,3
3254,3255,4
3255,3256,5
3256,3257,5
3257,3258,2
3258,3259,8
3259,3260,10
3260,3261,3
3261,3262,2
3262,3263,5
3263,3264,2
3264,3265,2
3265,3266,10
3266,3267,8
3267,3268,7
3268,3269,10
3269,3270,7
3270,3271,4
3271,3272,3
3272,3273,2
3273,3274,8
3274,3275,3
3275,3276,2
3276,3277,4
3277,3278,2
3278,3279,8
3279,3280,6
3280,3281,2
3281,3282,4
3282,3283,7
3283,3284,6
3284,3285,3
3285,3286,6
3286,3287,5
3287,3288,6
3288,3289,3
3289,3290,8
3290,3291,2
3291,3292,4
3292,3293,6
3293,3294,8
3294,3295,5
3295,3296,2
3296,3297,2
3297,3298,4
3298,3299,8
3299,3300,2
3300,3301,5
3301,3302,6
3302,3303,7
3303,3304,4
3304,3305,2
3305,3306,4
3306,3307,4
3307,3308,4
3308,3309,2
3309,3310,8
3310,3311,6
3311,3312,8
3312,3313,2
3313,3314,2
3314,3315,3
3315,3316,3
3316,3317,2
3317,3318,7
3318,3319,5
3319,3320,7
3320,3321,9
3321,3322,5
3322,3323,2
3323,3324,5
3324,3325,2
3325,3326,4
3326,3327,3
3327,3328,3
3328,3329,2
3329,3330,7
3330,3331,2
3331,3332,5
3332,3333,2
3333,3334,2
3334,3335,4
3335,3336,2
3336,3337,2
3337,3338,3
3338,3339,2
3339,3340,2
3340,3341,2
3341,3342,6
3342,3343,7
3343,3344,7
3344,3345,3
3345,3346,2
3346,3347,9
3347,3348,7
3348,3349,3
3349,3350,2
3350,3351,6
3351,3352,8
3352,3353,3
3353,3354,2
3354,3355,3
3355,3356,6
3356,3357,5
3357,3358,3
3358,3359,7
3359,3360,8
3360,3361,8
3361,3362,2
3362,3363,2
3363,3364,6
3364,3365,5
3365,3366,7
3366,3367,6
3367,3368,5
3368,3369,5
3369,3370,3
3370,3371,4
3371,3372,10
3372,3373,2
3373,3374,2
3374,3375,2
3375,3376,7
3376,3377,3
3377,3378,2
3378,3379,2
3379,3380,2
3380,3381,6
3381,3382,2
3382,3383,3
3383,3384,8
3384,3385,4
3385,3386,2
3386,3387,8
3387,3388,10
3388,3389,5
3389,3390,3
3390,3391,3
3391,3392,2
3392,3393,2
3393,3394,7
3394,3395,10
3395,3396,6
3396,3397,3
3397,3398,4
3398,3399,4
3399,3400,2
3400,3401,8
3401,3402,3
3402,3403,2
3403,3404,4
3404,3405,7
3405,3406,7
3406,3407,3
3407,3408,10
3408,3409,3
3409,3410,2
3410,3411,2
3411,3412,9
3412,3413,2
3413,3414,4
3414,3415,6
3415,3416,4
3416,3417,2
3417,3418,2
3418,3419,2
3419,3420,7
3420,3421,10
3421,3422,3
3422,3423,2
3423,3424,2
3424,3425,3
3425,3426,2
3426,3427,6
3427,3428,6
3428,3429,3
3429,3430,2
3430,3431,6
3431,3432,2
3432,3433,3
3433,3434,10
3434,3435,6
3435,3436,3
3436,3437,5
3437,3438,7
3438,3439,9
3439,3440,7
3440,3441,2
3441,3442,2
3442,3443,2
3443,3444,10
3444,3445,4
3445,3446,2
3446,3447,3
3447,3448,4
3448,3449,2
3449,3450,9
3450,3451,7
3451,3452,7
3452,3453,3
3453,3454,7
3454,3455,5
3455,3456,2
3456,3457,10
3457,3458,2
3458,3459,7
3459,3460,4
3460,3461,4
3461,3462,6
3462,3463,3
3463,3464,3
3464,3465,4
3465,3466,3
3466,3467,3
3467,3468,4
3468,3469,5
3469,3470,9
3470,3471,2
3471,3472,3
3472,3473,2
3473,3474,2
3474,3475,4
3475,3476,4
3476,3477,8
3477,3478,3
3478,3479,4
3479,3480,4
3480,3481,3
3481,3482,5
3482,3483,6
3483,3484,2
3484,3485,8
3485,3486,2
3486,3487,5
3487,3488,5
3488,3489,2
3489,3490,8
3490,3491,6
3491,3492,2
3492,3493,6
3493,3494,7
3494,3495,2
3495,3496,5
3496,3497,4
3497,3498,4
3498,3499,3
3499,3500,6
3500,3501,2
3501,3502,5
3502,3503,2
3503,3504,3
3504,3505,6
3505,3506,7
3506,3507,2
3507,3508,5
3508,3509,4
3509,3510,2
3510,3511,6
3511,3512,3
3512,3513,2
3513,3514,3
3514,3515,4
3515,3516,2
3516,3517,8
3517,3518,6
3518,3519,7
3519,3520,2
3520,3521,2
3521,3522,4
3522,3523,2
3523,3524,10
3524,3525,4
3525,3526,3
3526,3527,4
3527,3528,2
3528,3529,2
3529,3530,10
3530,3531,2
3531,3532,3
3532,3533,2
3533,3534,3
3534,3535,3
3535,3536,8
3536,3537,3
3537,3538,3
3538,3539,6
3539,3540,2
3540,3541,3
3541,3542,3
3542,3543,4
3543,3544,6
3544,3545,2
3545,3546,2
3546,3547,8
3547,3548,3
3548,3549,3
3549,3550,6
3550,3551,6
3551,3552,6
3552,3553,9
3553,3554,2
3554,3555,2
3555,3556,8
3556,3557,3
3557,3558,5
3558,3559,10
3559,3560,5
3560,3561,2
3561,3562,8
3562,3563,4
3563,3564,10
3564,3565,3
3565,3566,7
3566,3567,8
3567,3568,2
3568,3569,2
3569,3570,4
3570,3571,2
3571,3572,2
3572,3573,6
3573,3574,8
3574,3575,6
3575,3576,3
3576,3577,3
3577,3578,5
3578,3579,2
3579,3580,10
3580,3581,8
3581,3582,4
3582,3583,4
3583,3584,7
3584,3585,4
3585,3586,2
3586,3587,2
3587,3588,6
3588,3589,10
3589,3590,3
3590,3591,5
3591,3592,2
3592,3593,2
3593,3594,6
3594,3595,8
3595,3596,2
3596,3597,2
3597,3598,3
3598,3599,10
3599,3600,10
3600,3601,6
3601,3602,2
3602,3603,3
3603,3604,4
3604,3605,4
3605,3606,10
3606,3607,2
3607,3608,2
3608,3609,6
3609,3610,5
3610,3611,3
3611,3612,4
3612,3613,3
3613,3614,7
3614,3615,6
3615,3616,6
3616,3617,3
3617,3618,4
3618,3619,5
3619,3620,5
3620,3621,6
3621,3622,2
3622,3623,7
3623,3624,3
3624,3625,2
3625,3626,4
3626,3627,3
3627,3628,4
3628,3629,2
3629,3630,5
3630,3631,4
3631,3632,2
3632,3633,2
3633,3634,2
3634,3635,9
3635,3636,8
3636,3637,8
3637,3638,3
3638,3639,4
3639,3640,5
3640,3641,8
3641,3642,2
3642,3643,10
3643,3644,2
3644,3645,6
3645,3646,5
3646,3647,2
3647,3648,6
3648,3649,2
3649,3650,4
3650,3651,4
3651,3652,2
3652,3653,10
3653,3654,8
3654,3655,5
3655,3656,5
3656,3657,3
3657,3658,2
3658,3659,3
3659,3660,9
3660,3661,5
3661,3662,3
3662,3663,8
3663,3664,4
3664,3665,4
3665,3666,2
3666,3667,2
3667,3668,3
3668,3669,2
3669,3670,5
3670,3671,3
3671,3672,6
3672,3673,5
3673,3674,2
3674,3675,6
3675,3676,8
3676,3677,5
3677,3678,6
3678,3679,5
3679,3680,2
3680,3681,4
3681,3682,5
3682,3683,4
3683,3684,2
3684,3685,6
3685,3686,2
3686,3687,5
3687,3688,5
3688,3689,6
3689,3690,2
3690,3691,8
3691,3692,4
3692,3693,10
3693,3694,7
3694,3695,4
3695,3696,2
3696,3697,8
3697,3698,7
3698,3699,10
3699,3700,8
3700,3701,6
3701,3702,8
3702,3703,6
3703,3704,3
3704,3705,5
3705,3706,6
3706,3707,2
3707,3708,4
3708,3709,2
3709,3710,4
3710,3711,6
3711,3712,3
3712,3713,3
3713,3714,5
3714,3715,8
3715,3716,6
3716,3717,8
3717,3718,4
3718,3719,3
3719,3720,5
3720,3721,2
3721,3722,2
3722,3723,2
3723,3724,3
3724,3725,5
3725,3726,8
3726,3727,9
3727,3728,4
3728,3729,4
3729,3730,4
3730,3731,9
3731,3732,3
3732,3733,6
3733,3734,2
3734,3735,10
3735,3736,3
3736,3737,3
3737,3738,10
3738,3739,3
3739,3740,6
3740,3741,5
3741,3742,3
3742,3743,4
3743,3744,2
3744,3745,4
3745,3746,2
3746,3747,2
3747,3748,2
3748,3749,6
3749,3750,6
3750,3751,3
3751,3752,2
3752,3753,6
3753,3754,8
3754,3755,10
3755,3756,2
3756,3757,9
3757,3758,8
3758,3759,5
3759,3760,2
3760,3761,2
3761,3762,3
3762,3763,2
3763,3764,5
3764,3765,10
3765,3766,5
3766,3767,6
3767,3768,5
3768,3769,3
3769,3770,5
3770,3771,2
3771,3772,2
3772,3773,5
3773,3774,8
3774,3775,5
3775,3776,2
3776,3777,6
3777,3778,7
3778,3779,8
3779,3780,4
3780,3781,4
3781,3782,4
3782,3783,7
3783,3784,7
3784,3785,5
3785,3786,2
3786,3787,3
3787,3788,4
3788,3789,5
3789,3790,6
3790,3791,8
3791,3792,6
3792,3793,2
3793,3794,2
3794,3795,5
3795,3796,9
3796,3797,10
3797,3798,6
3798,3799,4
3799,3800,4
3800,3801,3
3801,3802,2
3802,3803,2
3803,3804,4
3804,3805,8
3805,3806,6
3806,3807,5
3807,3808,8
3808,3809,3
3809,3810,2
3810,3811,2
3811,3812,9
3812,3813,3
3813,3814,8
3814,3815,2
3815,3816,4
3816,3817,4
3817,3818,2
3818,3819,2
3819,3820,5
3820,3821,5
3821,3822,7
3822,3823,7
3823,3824,6
3824,3825,3
3825,3826,2
3826,3827,5
3827,3828,2
3828,3829,2
3829,3830,2
3830,3831,3
3831,3832,2
3832,3833,2
3833,3834,2
3834,3835,6
3835,3836,2
3836,3837,6
3837,3838,6
3838,3839,5
3839,3840,3
3840,3841,2
3841,3842,6
3842,3843,2
3843,3844,8
3844,3845,6
3845,3846,2
3846,3847,2
3847,3848,4
3848,3849,2
3849,3850,2
3850,3851,2
3851,3852,5
3852,3853,5
3853,3854,2
3854,3855,7
3855,3856,2
3856,3857,2
3857,3858,10
3858,3859,4
3859,3860,2
3860,3861,2
3861,3862,4
3862,3863,6
3863,3864,2
3864,3865,2
3865,3866,6
3866,3867,2
3867,3868,3
3868,3869,2
3869,3870,2
3870,3871,2
3871,3872,2
3872,3873,5
3873,3874,8
3874,3875,6
3875,3876,7
3876,3877,4
3877,3878,2
3878,3879,6
3879,3880,2
3880,3881,3
3881,3882,2
3882,3883,8
3883,3884,4
3884,3885,10
3885,3886,9
3886,3887,8
3887,3888,3
3888,3889,9
3889,3890,2
3890,3891,2
3891,3892,5
3892,3893,3
3893,3894,7
3894,3895,5
3895,3896,9
3896,3897,9
3897,3898,3
3898,3899,2
3899,3900,7
3900,3901,10
3901,3902,2
3902,3903,4
3903,3904,2
3904,3905,4
3905,3906,8
3906,3907,4
3907,3908,2
3908,3909,5
3909,3910,2
3910,3911,4
3911,3912,2
3912,3913,2
3913,3914,2
3914,3915,5
3915,3916,6
3916,3917,6
3917,3918,10
3918,3919,2
3919,3920,3
3920,3921,3
3921,3922,3
3922,3923,5
3923,3924,8
3924,3925,6
3925,3926,2
3926,3927,2
3927,3928,2
3928,3929,5
3929,3930,4
3930,3931,2
3931,3932,6
3932,3933,3
3933,3934,6
3934,3935,7
3935,3936,2
3936,3937,3
3937,3938,2
3938,3939,7
3939,3940,2
3940,3941,8
3941,3942,7
3942,3943,8
3943,3944,3
3944,3945,6
3945,3946,4
3946,3947,9
3947,3948,6
3948,3949,6
3949,3950,3
3950,3951,3
3951,3952,2
3952,3953,7
3953,3954,6
3954,3955,3
3955,3956,3
3956,3957,2
3957,3958,5
3958,3959,6
3959,3960,3
3960,3961,2
3961,3962,6
3962,3963,2
3963,3964,6
3964,3965,3
3965,3966,2
3966,3967,2
3967,3968,2
3968,3969,2
3969,3970,5
3970,3971,2
3971,3972,8
3972,3973,4
3973,3974,8
3974,3975,9
3975,3976,2
3976,3977,3
3977,3978,6
3978,3979,6
3979,3980,2
3980,3981,6
3981,3982,10
3982,3983,2
3983,3984,6
3984,3985,2
3985,3986,4
3986,3987,3
3987,3988,2
3988,3989,2
3989,3990,5
3990,3991,9
3991,3992,10
3992,3993,2
3993,3994,3
3994,3995,6
3995,3996,5
3996,3997,5
3997,3998,9
3998,3999,10
3999,4000,2
4000,4001,4
4001,4002,2
4002,4003,5
4003,4004,2
4004,4005,6
4005,4006,2
4006,4007,6
4007,4008,9
4008,4009,5
4009,4010,10
4010,4011,6
4011,4012,2
4012,4013,2
4013,4014,3
4014,4015,2
4015,4016,9
4016,4017,4
4017,4018,7
4018,4019,2
4019,4020,9
4020,4021,6
4021,4022,4
4022,4023,9
4023,4024,9
4024,4025,3
4025,4026,8
4026,4027,5
4027,4028,3
4028,4029,2
4029,4030,5
4030,4031,6
4031,4032,3
4032,4033,3
4033,4034,4
4034,4035,4
4035,4036,3
4036,4037,7
4037,4038,2
4038,4039,10
4039,4040,2
4040,4041,2
4041,4042,3
4042,4043,3
4043,4044,7
4044,4045,8
4045,4046,3
4046,4047,3
4047,4048,2
4048,4049,6
4049,4050,4
4050,4051,5
4051,4052,2
4052,4053,8
4053,4054,4
4054,4055,2
4055,4056,9
4056,4057,5
4057,4058,3
4058,4059,2
4059,4060,10
4060,4061,8
4061,4062,6
4062,4063,8
4063,4064,8
4064,4065,2
4065,4066,3
4066,4067,10
4067,4068,8
4068,4069,7
4069,4070,2
4070,4071,7
4071,4072,6
4072,4073,5
4073,4074,5
4074,4075,6
4075,4076,4
4076,4077,9
4077,4078,2
4078,4079,5
4079,4080,6
4080,4081,2
4081,4082,7
4082,4083,8
4083,4084,7
4084,4085,6
4085,4086,2
4086,4087,5
4087,4088,3
4088,4089,6
4089,4090,3
4090,4091,7
4091,4092,6
4092,4093,3
4093,4094,3
4094,4095,6
4095,4096,6
4096,4097,6
4097,4098,8
4098,4099,3
4099,4100,4
4100,4101,5
4101,4102,2
4102,4103,6
4103,4104,2
4104,4105,7
4105,4106,2
4106,4107,2
4107,4108,2
4108,4109,7
4109,4110,6
4110,4111,5
4111,4112,3
4112,4113,10
4113,4114,7
4114,4115,2
4115,4116,4
4116,4117,6
4117,4118,7
4118,4119,8
4119,4120,3
4120,4121,3
4121,4122,3
4122,4123,2
4123,4124,3
4124,4125,6
4125,4126,3
4126,4127,2
4127,4128,4
4128,4129,4
4129,4130,3
4130,4131,6
4131,4132,6
4132,4133,3
4133,4134,7
4134,4135,3
4135,4136,2
4136,4137,2
4137,4138,6
4138,4139,7
4139,4140,7
4140,4141,2
4141,4142,6
4142,4143,6
4143,4144,6
4144,4145,5
4145,4146,6
4146,4147,6
4147,4148,2
4148,4149,6
4149,4150,4
4150,4151,3
4151,4152,2
4152,4153,9
4153,4154,2
4154,4155,5
4155,4156,2
4156,4157,6
4157,4158,2
4158,4159,9
4159,4160,10
4160,4161,7
4161,4162,5
4162,4163,5
4163,4164,2
4164,4165,3
4165,4166,4
4166,4167,2
4167,4168,2
4168,4169,6
4169,4170,3
4170,4171,2
4171,4172,2
4172,4173,3
4173,4174,5
4174,4175,2
4175,4176,7
4176,4177,6
4177,4178,8
4178,4179,6
4179,4180,4
4180,4181,3
4181,4182,3
4182,4183,5
4183,4184,5
4184,4185,6
4185,4186,2
4186,4187,6
4187,4188,2
4188,4189,2
4189,4190,6
4190,4191,2
4191,4192,2
4192,4193,9
4193,4194,2
4194,4195,2
4195,4196,4
4196,4197,8
4197,4198,6
4198,4199,4
4199,4200,2
4200,4201,5
4201,4202,2
4202,4203,3
4203,4204,3
4204,4205,5
4205,4206,2
4206,4207,6
4207,4208,2
4208,4209,10
4209,4210,7
4210,4211,8
4211,4212,3
4212,4213,3
4213,4214,6
4214,4215,3
4215,4216,2
4216,4217,3
4217,4218,2
4218,4219,6
4219,4220,8
4220,4221,2
4221,4222,7
4222,4223,5
4223,4224,2
4224,4225,2
4225,4226,10
4226,4227,4
4227,4228,10
4228,4229,2
4229,4230,4
4230,4231,5
4231,4232,6
4232,4233,2
4233,4234,2
4234,4235,8
4235,4236,2
4236,4237,6
4237,4238,7
4238,4239,10
4239,4240,8
4240,4241,3
4241,4242,7
4242,4243,4
4243,4244,4
4244,4245,4
4245,4246,6
4246,4247,9
4247,4248,3
4248,4249,2
4249,4250,2
4250,4251,2
4251,4252,4
4252,4253,5
4253,4254,4
4254,4255,2
4255,4256,2
4256,4257,3
4257,4258,4
4258,4259,7
4259,4260,2
4260,4261,6
4261,4262,3
4262,4263,2
4263,4264,5
4264,4265,8
4265,4266,3
4266,4267,3
4267,4268,2
4268,4269,8
4269,4270,2
4270,4271,3
4271,4272,7
4272,4273,10
4273,4274,10
4274,4275,7
4275,4276,8
4276,4277,5
4277,4278,3
4278,4279,8
4279,4280,8
4280,4281,7
4281,4282,6
4282,4283,8
4283,4284,3
4284,4285,7
4285,4286,2
4286,4287,3
4287,4288,8
4288,4289,6
4289,4290,4
4290,4291,9
4291,4292,7
4292,4293,7
4293,4294,8
4294,4295,5
4295,4296,2
4296,4297,4
4297,4298,8
4298,4299,3
4299,4300,8
4300,4301,3
4301,4302,3
4302,4303,3
4303,4304,3
4304,4305,2
4305,4306,2
4306,4307,7
4307,4308,2
4308,4309,8
4309,4310,2
4310,4311,3
4311,4312,4
4312,4313,3
4313,4314,7
4314,4315,5
4315,4316,2
4316,4317,4
4317,4318,2
4318,4319,3
4319,4320,3
4320,4321,2
4321,4322,8
4322,4323,6
4323,4324,2
4324,4325,3
4325,4326,2
4326,4327,2
4327,4328,3
4328,4329,9
4329,4330,9
4330,4331,8
4331,4332,3
4332,4333,4
4333,4334,10
4334,4335,6
4335,4336,8
4336,4337,2
4337,4338,5
4338,4339,2
4339,4340,7
4340,4341,8
4341,4342,8
4342,4343,6
4343,4344,2
4344,4345,3
4345,4346,3
4346,4347,4
4347,4348,6
4348,4349,2
4349,4350,5
4350,4351,6
4351,4352,4
4352,4353,3
4353,4354,3
4354,4355,5
4355,4356,10
4356,4357,4
4357,4358,2
4358,4359,3
4359,4360,2
4360,4361,5
4361,4362,2
